{
    "timestamp": "2021-05-01 00:00:00",
    "open": 109.235,
    "high": 109.240,
    "low": 109.230,
    "close": 109.238,
    "volume": 123
}
{
    "timestamp": "2021-05-01 00:01:00",
    "open": 109.238,
    "high": 109.245,
    "low": 109.235,
    "close": 109.242,
    "volume": 145
}
{
    "timestamp": "2021-05-01 00:02:00",
    "open": 109.242,
    "high": 109.248,
    "low": 109.240,
    "close": 109.245,
    "volume": 132
}
{
    "timestamp": "2021-05-01 00:03:00",
    "open": 109.245,
    "high": 109.250,
    "low": 109.242,
    "close": 109.247,
    "volume": 118
}
{
    "timestamp": "2021-05-01 00:04:00",
    "open": 109.247,
    "high": 109.252,
    "low": 109.245,
    "close": 109.250,
    "volume": 156
}
