{
    "system_name": "MUGEN System (DAIMON's MAXIMUM)",
    "version": "1.0.0",
    "target_platforms": ["the_option", "bi_winning"],
    "active_timeframes": ["1m", "3m", "5m", "15m", "1h", "4h", "1d"],
    "module_settings": {
        "human_behavior": {
            "enabled": true,
            "config_path": "human_behavior/config/behavior_config.json"
        },
        "detection_avoidance": {
            "enabled": true,
            "config_path": "detection_avoidance/config/detection_avoidance_config.json"
        },
        "trade_management": {
            "enabled": true,
            "config_path": "trade_management/config/trade_rules_config.json"
        },
        "browser_automation": {
            "enabled": true,
            "config_path": "browser_automation/config/browser_automation_config.json",
            "headless": false
        }
    },
    "trading_settings": {
        "initial_balance": 100000.0,
        "target_balance": 100000000.0,
        "daily_trade_target": 100,
        "win_rate_target": 0.8,
        "auto_stop_on_consecutive_losses": 5,
        "notify_on_stop": true
    },
    "notification_settings": {
        "line_notify": {
            "enabled": true,
            "token": ""
        },
        "email": {
            "enabled": false,
            "smtp_server": "",
            "smtp_port": 587,
            "username": "",
            "password": "",
            "recipient": ""
        }
    },
    "last_updated": "2025-05-29T02:49:00.000Z"
}
