[
    {
        "id": "profile_0",
        "name": "Profile 1",
        "personality": "cautious",
        "trading_style": "day_trader",
        "activity_period": {
            "name": "morning_person",
            "peak_hours": [9, 10, 11, 12]
        },
        "weekday_pattern": {
            "name": "weekday_active",
            "active_days": [0, 1, 2, 3, 4]
        },
        "error_rate": 0.0035,
        "focus_duration": 60,
        "break_pattern": {
            "name": "moderate",
            "frequency": 45,
            "duration": 10
        },
        "emotional_pattern": {
            "name": "stable",
            "loss_reaction": 0.2,
            "win_excitement": 0.2
        },
        "typing_speed": 65,
        "decision_speed": 2.3,
        "mouse_movement_style": "precise",
        "created_at": "2025-05-29T02:37:20.000Z"
    },
    {
        "id": "profile_1",
        "name": "Profile 2",
        "personality": "aggressive",
        "trading_style": "scalper",
        "activity_period": {
            "name": "afternoon_person",
            "peak_hours": [13, 14, 15, 16]
        },
        "weekday_pattern": {
            "name": "all_week",
            "active_days": [0, 1, 2, 3, 4, 5, 6]
        },
        "error_rate": 0.015,
        "focus_duration": 45,
        "break_pattern": {
            "name": "frequent_short",
            "frequency": 20,
            "duration": 5
        },
        "emotional_pattern": {
            "name": "volatile",
            "loss_reaction": 0.8,
            "win_excitement": 0.8
        },
        "typing_speed": 85,
        "decision_speed": 0.8,
        "mouse_movement_style": "direct",
        "created_at": "2025-05-29T02:37:20.000Z"
    },
    {
        "id": "profile_2",
        "name": "Profile 3",
        "personality": "analytical",
        "trading_style": "swing_trader",
        "activity_period": {
            "name": "evening_person",
            "peak_hours": [17, 18, 19, 20]
        },
        "weekday_pattern": {
            "name": "midweek_focus",
            "active_days": [1, 2, 3]
        },
        "error_rate": 0.005,
        "focus_duration": 117,
        "break_pattern": {
            "name": "long_sessions",
            "frequency": 90,
            "duration": 15
        },
        "emotional_pattern": {
            "name": "moderate",
            "loss_reaction": 0.5,
            "win_excitement": 0.5
        },
        "typing_speed": 72,
        "decision_speed": 2.5,
        "mouse_movement_style": "precise",
        "created_at": "2025-05-29T02:37:20.000Z"
    },
    {
        "id": "profile_3",
        "name": "Profile 4",
        "personality": "emotional",
        "trading_style": "day_trader",
        "activity_period": {
            "name": "night_owl",
            "peak_hours": [21, 22, 23, 0]
        },
        "weekday_pattern": {
            "name": "weekend_active",
            "active_days": [5, 6]
        },
        "error_rate": 0.02,
        "focus_duration": 30,
        "break_pattern": {
            "name": "irregular",
            "frequency": "variable",
            "min_freq": 15,
            "max_freq": 60,
            "min_dur": 3,
            "max_dur": 15
        },
        "emotional_pattern": {
            "name": "loss_sensitive",
            "loss_reaction": 0.9,
            "win_excitement": 0.3
        },
        "typing_speed": 55,
        "decision_speed": 1.2,
        "mouse_movement_style": "hesitant",
        "created_at": "2025-05-29T02:37:20.000Z"
    },
    {
        "id": "profile_4",
        "name": "Profile 5",
        "personality": "balanced",
        "trading_style": "mixed",
        "activity_period": {
            "name": "all_day",
            "peak_hours": [9, 10, 11, 12, 13, 14, 15, 16, 17, 18, 19, 20]
        },
        "weekday_pattern": {
            "name": "all_week",
            "active_days": [0, 1, 2, 3, 4, 5, 6]
        },
        "error_rate": 0.01,
        "focus_duration": 90,
        "break_pattern": {
            "name": "moderate",
            "frequency": 45,
            "duration": 10
        },
        "emotional_pattern": {
            "name": "moderate",
            "loss_reaction": 0.5,
            "win_excitement": 0.5
        },
        "typing_speed": 70,
        "decision_speed": 1.5,
        "mouse_movement_style": "curved",
        "created_at": "2025-05-29T02:37:20.000Z"
    }
]
