{
    "enabled": true,
    "behavior_settings": {
        "activity_pattern": {
            "enabled": true,
            "working_hours_variation": true,
            "break_simulation": true,
            "day_of_week_patterns": true
        },
        "emotional_simulation": {
            "enabled": true,
            "loss_reaction": true,
            "win_streak_confidence": true,
            "market_event_caution": true
        },
        "error_simulation": {
            "enabled": true,
            "misclick_simulation": true,
            "correction_behavior": true,
            "typo_simulation": true
        },
        "network_simulation": {
            "enabled": true,
            "latency_variation": true,
            "connection_instability": true,
            "bandwidth_patterns": true
        }
    },
    "profile_variation": {
        "enabled": true,
        "gradual_changes": true,
        "personality_consistency": true
    },
    "last_updated": "2025-05-29T02:36:35.000Z"
}
