{
    "enabled": true,
    "win_rate_settings": {
        "target_win_rate": 0.8,
        "win_rate_tolerance": 0.05,
        "max_consecutive_wins": 8,
        "max_consecutive_losses": 3,
        "win_rate_adjustment_period": 20
    },
    "trade_pattern_settings": {
        "randomize_entry_timing": true,
        "randomize_trade_size": true,
        "trade_size_variation": 0.1,
        "min_time_between_trades": 30,
        "max_time_between_trades": 300
    },
    "account_balance_settings": {
        "dynamic_trade_count": true,
        "base_daily_trades": 100,
        "max_daily_trades": 300,
        "min_daily_trades": 100,
        "trade_count_adjustment_factor": 0.5
    },
    "risk_management_settings": {
        "risk_level_monitoring": true,
        "auto_risk_adjustment": true,
        "max_daily_loss_percentage": 0.05,
        "max_drawdown_percentage": 0.15,
        "risk_reduction_factor": 0.5
    },
    "last_updated": "2025-05-29T02:41:00.000Z"
}
