{
    "data_dir": "data",
    "models_dir": "models",
    "currency_pairs": [
        "USDJPY", "EURJPY", "GBPJPY", "AUDJPY", "NZDJPY",
        "EURUSD", "GBPUSD", "AUDUSD", "NZDUSD"
    ],
    "timeframes": [
        "1m", "3m", "5m", "15m", "1h", "4h", "1d"
    ],
    "date_range": {
        "start": "2021-05-01",
        "end": "2024-04-30"
    },
    "features": [
        "open", "high", "low", "close", "volume"
    ],
    "target": "direction",
    "sequence_length": 60,
    "prediction_horizon": 1,
    "test_size": 0.2,
    "validation_size": 0.1,
    "batch_size": 64,
    "epochs": 100,
    "early_stopping_patience": 10,
    "learning_rate": 0.001,
    "dropout_rate": 0.2,
    "lstm_units": [128, 64],
    "dense_units": [32, 16],
    "use_batch_norm": true,
    "use_gpu": true,
    "random_seed": 42,
    "target_win_rate": 0.8
}
