{
    "enabled": true,
    "update_interval": {
        "economic_calendar": 3600,
        "news": 900,
        "market_sentiment": 1800
    },
    "impact_thresholds": {
        "high": 0.7,
        "medium": 0.4,
        "low": 0.2
    },
    "currency_pairs": ["USDJPY", "EURJPY", "GBPJPY", "AUDJPY", "NZDJPY", "CADJPY", "CHFJPY", "EURUSD", "GBPUSD"],
    "economic_indicators": {
        "interest_rates": {
            "enabled": true,
            "weight": 1.0
        },
        "gdp": {
            "enabled": true,
            "weight": 0.9
        },
        "inflation": {
            "enabled": true,
            "weight": 0.8
        },
        "employment": {
            "enabled": true,
            "weight": 0.8
        },
        "retail_sales": {
            "enabled": true,
            "weight": 0.7
        },
        "manufacturing": {
            "enabled": true,
            "weight": 0.7
        },
        "trade_balance": {
            "enabled": true,
            "weight": 0.6
        },
        "housing": {
            "enabled": true,
            "weight": 0.5
        }
    },
    "news_sources": {
        "financial_news": {
            "enabled": true,
            "weight": 1.0
        },
        "central_bank_statements": {
            "enabled": true,
            "weight": 1.0
        },
        "market_analysis": {
            "enabled": true,
            "weight": 0.8
        },
        "social_media": {
            "enabled": true,
            "weight": 0.5
        }
    },
    "sentiment_analysis": {
        "enabled": true,
        "lookback_period": 7,
        "smoothing_factor": 0.2
    },
    "data_cache": {
        "enabled": true,
        "max_age_days": 30
    },
    "last_updated": "2025-05-29T03:00:30.000Z"
}
