{
    "platforms": {
        "the_option": {
            "url": "https://theoption.com/",
            "selectors": {
                "login_button": "button.login-button",
                "username_input": "input[name='username']",
                "password_input": "input[name='password']",
                "submit_button": "button[type='submit']",
                "amount_input": "input.trade-amount",
                "up_button": "button.up-trade",
                "down_button": "button.down-trade",
                "confirm_button": "button.confirm-trade",
                "result_element": "div.trade-result",
                "balance_element": "div.account-balance"
            },
            "credentials": {
                "username": "",
                "password": ""
            }
        },
        "bi_winning": {
            "url": "https://biwinning.com/",
            "selectors": {
                "login_button": "a.login",
                "username_input": "#username",
                "password_input": "#password",
                "submit_button": "button.login-submit",
                "amount_input": "input.amount",
                "up_button": "button.call-button",
                "down_button": "button.put-button",
                "confirm_button": "button.confirm",
                "result_element": ".trade-result",
                "balance_element": ".balance"
            },
            "credentials": {
                "username": "",
                "password": ""
            }
        }
    },
    "browser_settings": {
        "user_agent": "Mozilla/5.0 (Windows NT 10.0; Win64; x64) AppleWebKit/537.36 (KHTML, like Gecko) Chrome/112.0.0.0 Safari/537.36",
        "viewport_width": 1280,
        "viewport_height": 800,
        "locale": "ja-JP",
        "timezone": "Asia/Tokyo",
        "timeout": 30000,
        "retry_attempts": 3
    },
    "ocr_settings": {
        "enabled": true,
        "language": "eng",
        "confidence_threshold": 80
    },
    "last_updated": "2025-05-29T02:46:00.000Z"
}
