{
    "platform": "bubinga",
    "enabled": true,
    "base_url": "https://bubinga.com",
    "login_url": "https://bubinga.com/login",
    "trading_url": "https://bubinga.com/trading",
    "trading_hours": {
        "start": "00:00",
        "end": "23:59"
    },
    "wait_timeout": 15,
    "retry_attempts": 3,
    "human_behavior": {
        "typing_speed": {
            "min": 0.05,
            "max": 0.15
        },
        "mouse_movement": {
            "speed": "medium",
            "natural_curve": true
        },
        "analysis_time": {
            "min": 5,
            "max": 45
        },
        "error_probability": 0.15,
        "correction_delay": {
            "min": 0.5,
            "max": 2.0
        }
    },
    "detection_avoidance": {
        "session_duration": {
            "min_minutes": 20,
            "max_minutes": 120
        },
        "login_randomization": {
            "seconds_before": 300,
            "seconds_after": 300
        },
        "logout_randomization": {
            "seconds_before": 300,
            "seconds_after": 300
        },
        "trade_interval": {
            "min_seconds": 30,
            "max_seconds": 300
        },
        "win_rate_control": {
            "target_rate": 0.8,
            "max_consecutive_wins": 8,
            "max_consecutive_losses": 3
        }
    },
    "assets": [
        {
            "name": "EUR/USD",
            "display_name": "EUR/USD",
            "priority": 1
        },
        {
            "name": "GBP/JPY",
            "display_name": "GBP/JPY",
            "priority": 2
        },
        {
            "name": "USD/JPY",
            "display_name": "USD/JPY",
            "priority": 3
        },
        {
            "name": "BTC/USD",
            "display_name": "Bitcoin",
            "priority": 4
        },
        {
            "name": "ETH/USD",
            "display_name": "Ethereum",
            "priority": 5
        }
    ],
    "time_options": [
        {
            "name": "1m",
            "display_name": "1 Minute",
            "seconds": 60
        },
        {
            "name": "5m",
            "display_name": "5 Minutes",
            "seconds": 300
        },
        {
            "name": "15m",
            "display_name": "15 Minutes",
            "seconds": 900
        },
        {
            "name": "1h",
            "display_name": "1 Hour",
            "seconds": 3600
        }
    ],
    "selectors": {
        "login": {
            "email_field": {
                "xpath": "//input[@type='email' or @name='email' or contains(@placeholder, 'email')]",
                "css": "input[type='email'], input[name='email']"
            },
            "password_field": {
                "xpath": "//input[@type='password' or @name='password' or contains(@placeholder, 'password')]",
                "css": "input[type='password'], input[name='password']"
            },
            "login_button": {
                "xpath": "//button[contains(text(), 'Login') or contains(text(), 'Sign in') or contains(@class, 'login')]",
                "css": "button.login-btn, button[type='submit']"
            },
            "2fa_field": {
                "xpath": "//input[contains(@placeholder, 'verification') or contains(@name, '2fa')]",
                "css": "input.verification-code, input[name='2fa']"
            }
        },
        "trading": {
            "asset_dropdown": {
                "xpath": "//div[contains(@class, 'asset-selector') or contains(@class, 'instrument-selector')]",
                "css": "div.asset-selector, div.instrument-selector"
            },
            "asset_search": {
                "xpath": "//input[contains(@placeholder, 'Search') and ancestor::div[contains(@class, 'asset-selector')]]",
                "css": "div.asset-selector input, div.instrument-selector input"
            },
            "asset_list": {
                "xpath": "//div[contains(@class, 'asset-list') or contains(@class, 'instrument-list')]//div[contains(@class, 'item')]",
                "css": "div.asset-list .item, div.instrument-list .item"
            },
            "amount_field": {
                "xpath": "//input[contains(@placeholder, 'Amount') or @name='amount' or contains(@class, 'amount')]",
                "css": "input.amount-input, input[name='amount']"
            },
            "time_selector": {
                "xpath": "//div[contains(@class, 'time-selector') or contains(@class, 'expiry-selector')]",
                "css": "div.time-selector, div.expiry-selector"
            },
            "time_options": {
                "xpath": "//div[contains(@class, 'time-selector')]//div[contains(@class, 'option')]",
                "css": "div.time-selector .option, div.expiry-selector .option"
            },
            "high_button": {
                "xpath": "//button[contains(@class, 'high') or contains(@class, 'up') or contains(text(), 'High') or contains(text(), 'Up')]",
                "css": "button.high-btn, button.up-btn"
            },
            "low_button": {
                "xpath": "//button[contains(@class, 'low') or contains(@class, 'down') or contains(text(), 'Low') or contains(text(), 'Down')]",
                "css": "button.low-btn, button.down-btn"
            },
            "confirm_button": {
                "xpath": "//button[contains(@class, 'confirm') or contains(text(), 'Confirm') or contains(text(), 'Place Trade')]",
                "css": "button.confirm-btn, button.place-trade-btn"
            },
            "balance": {
                "xpath": "//div[contains(@class, 'balance') or contains(text(), 'Balance')]//span",
                "css": "div.balance span, div.account-balance span"
            }
        },
        "navigation": {
            "trading_link": {
                "xpath": "//a[contains(@href, 'trading') or contains(text(), 'Trading')]",
                "css": "a[href*='trading'], a.trading-link"
            },
            "deposit_link": {
                "xpath": "//a[contains(@href, 'deposit') or contains(text(), 'Deposit')]",
                "css": "a[href*='deposit'], a.deposit-link"
            },
            "withdraw_link": {
                "xpath": "//a[contains(@href, 'withdraw') or contains(text(), 'Withdraw')]",
                "css": "a[href*='withdraw'], a.withdraw-link"
            },
            "account_link": {
                "xpath": "//a[contains(@href, 'account') or contains(@href, 'profile') or contains(text(), 'Account')]",
                "css": "a[href*='account'], a[href*='profile'], a.account-link"
            },
            "logout_button": {
                "xpath": "//a[contains(@href, 'logout') or contains(text(), 'Logout') or contains(text(), 'Sign out')]",
                "css": "a[href*='logout'], a.logout-btn, button.logout-btn"
            }
        }
    }
}
