{
    "min_win_rate": 0.8,
    "min_trades_for_evaluation": 20,
    "lock_duration_hours": 24,
    "max_lock_count": 2,
    "consecutive_losses_for_lock": 5,
    "timeframes": ["1m", "3m", "5m", "15m", "1h", "4h", "1d"],
    "currency_pairs": ["USDJPY", "EURJPY", "GBPJPY", "AUDJPY", "NZDJPY", "CADJPY", "CHFJPY", "EURUSD", "GBPUSD"],
    "logic_modules": {
        "trend_following": {
            "enabled": true,
            "weight": 1.0
        },
        "mean_reversion": {
            "enabled": true,
            "weight": 1.0
        },
        "breakout": {
            "enabled": true,
            "weight": 1.0
        },
        "pattern_recognition": {
            "enabled": true,
            "weight": 1.0
        },
        "oscillator": {
            "enabled": true,
            "weight": 1.0
        },
        "momentum": {
            "enabled": true,
            "weight": 1.0
        },
        "volume_analysis": {
            "enabled": true,
            "weight": 1.0
        },
        "sentiment_analysis": {
            "enabled": true,
            "weight": 1.0
        },
        "fundamental_analysis": {
            "enabled": true,
            "weight": 1.0
        },
        "multi_timeframe": {
            "enabled": true,
            "weight": 1.0
        }
    },
    "last_updated": "2025-05-29T02:52:30.000Z"
}
